{"Fid":"ekqj3VnAT7uJMjDSMNG4Ia","Status":3,"AuthToken":"eyJhbGciOiJFUzI1NiIsInR5cCI6IkpXVCJ9.eyJhcHBJZCI6IjE6ODQ5MjYxMzY5MDg1OmFuZHJvaWQ6ODY0OGNlYzEwMWU2ZmY0MSIsImV4cCI6MTc1NTk1MjA1MSwiZmlkIjoiZWtxajNWbkFUN3VKTWpEU01ORzRJYSIsInByb2plY3ROdW1iZXIiOjg0OTI2MTM2OTA4NX0.AB2LPV8wRAIgAR5nS2vPQtHLPTEWmOGG1h2xBA6WiHtexvxD9zg7MpMCIFMpOiLysouDWp-ZBuBHDI1VdJv7pY3PXOahPxlil3Dj","RefreshToken":"3_AS3qfwL5MkaU1wFeHcD5GLhEmXgmhWaze2vfyHb9_XbNeo4MDKACoTcn7MqD6XZtivPUQYpSmkhN9ELqDWuL-NQcP-4astsu8bxfgh8XQRUvDg","TokenCreationEpochInSecs":1755347252,"ExpiresInSecs":604800}