{"Fid":"fIjO5RUYSjaTR-_YGEClY0","Status":3,"AuthToken":"eyJhbGciOiJFUzI1NiIsInR5cCI6IkpXVCJ9.eyJhcHBJZCI6IjE6ODQ5MjYxMzY5MDg1OmFuZHJvaWQ6ODY0OGNlYzEwMWU2ZmY0MSIsImV4cCI6MTc1NjAyNDQ3NCwiZmlkIjoiZklqTzVSVVlTamFUUi1fWUdFQ2xZMCIsInByb2plY3ROdW1iZXIiOjg0OTI2MTM2OTA4NX0.AB2LPV8wRQIhAI_qawWF2S9TQCWXiM_rqvBXGWbAb20-qKQmdyLGWr53AiAKnJjk09OqsJFD3d4Kmv6rA6qYymoRBacSQCA__SpvUA","RefreshToken":"3_AS3qfwLhnIPBmppOBRXv-6UkZWys5x99JB3Qk3rcGujq6e-_zI1IzP5mSjploUuUsF20lxZ25CWSXk6XXBgXu5FQIteInsdc1NU1Wz5Xqme-UEw","TokenCreationEpochInSecs":1755419674,"ExpiresInSecs":604800}