{"Fid":"cvorggDUTsiJ9WiYix1vqr","Status":3,"AuthToken":"eyJhbGciOiJFUzI1NiIsInR5cCI6IkpXVCJ9.eyJhcHBJZCI6IjE6ODQ5MjYxMzY5MDg1OmFuZHJvaWQ6ODY0OGNlYzEwMWU2ZmY0MSIsImV4cCI6MTc1NTk1MTM5OSwiZmlkIjoiY3ZvcmdnRFVUc2lKOVdpWWl4MXZxciIsInByb2plY3ROdW1iZXIiOjg0OTI2MTM2OTA4NX0.AB2LPV8wRQIhAJT2cwbz7TPRdBhHSWYvMEA9D7JIMWVv_gTpwxUr0EFFAiAcvoQWp1p1vUyaku2X5ksXmlOFiMu7Y1qcim4erKBB2Q","RefreshToken":"3_AS3qfwK2Oz_vU_Qwsnvjujba1608xs4MBMdNKsGz18jTq1UEKdfGgPQlW167GXt5-WLGUgDRjIr-wv5KErJA5doehQWLfxgvBmx_R_vhO6fOqg","TokenCreationEpochInSecs":1755346600,"ExpiresInSecs":604800}