<?xml version='1.0' encoding='utf-8' standalone='yes' ?>
<map>
    <string name="afUninstallToken">cvorggDUTsiJ9WiYix1vqr:APA91bF3NDtaCLLKVanPF399X-NirMtMDWQ5oWz8NBum5PK6CmKLl3PaaoIX-ITDvtMcXp5VaYI3KocDxQWTbcgLsGlsFwCX9F_Gk2qGQKh6oGfY0bNRMrQ</string>
    <long name="prev_session_dur" value="1" />
    <long name="af_rc_max_age" value="86400" />
    <boolean name="ddl_sent" value="true" />
    <string name="sentSuccessfully">true</string>
    <string name="af_remote_config">eyJmZWF0dXJlcyI6eyJleGNfbW5nciI6W3siZGF0YSI6eyJ2MSI6eyJzZGtfdmVyIjoiMS45LjkiLCJtaW4iOjEsImV4cGlyZSI6MTB9fX1dfSwidmVyIjoiNDI5NzI5ZmIudjEuMTY4NjI0NzQ4NTAwMCJ9</string>
    <int name="versionCode" value="11659" />
    <boolean name="sentRegisterRequestToAF" value="true" />
    <string name="savedProperties">{&quot;uid&quot;:&quot;1755346602617-5132295833348001539&quot;,&quot;advertiserId&quot;:&quot;32b09acc-0c88-4a85-8ffe-3b71c0367bc6&quot;,&quot;advertiserIdEnabled&quot;:&quot;true&quot;}</string>
    <string name="AF_INSTALLATION">1755346602617-5132295833348001539</string>
    <boolean name="afUninstallToken_queued" value="false" />
    <long name="af_send_exc_to_server_window" value="1756210600181" />
    <int name="appsFlyerCount" value="4" />
    <long name="af_rc_timestamp" value="1755346600178" />
    <long name="AppsFlyerTimePassedSincePrevLaunch" value="1755346663214" />
    <boolean name="newGPReferrerSent" value="true" />
    <int name="af_send_exc_min" value="1" />
    <string name="appsFlyerFirstInstall">2025-08-16_121642+0000</string>
    <long name="afUninstallToken_received_time" value="1755346603619" />
    <string name="attributionId">{&quot;install_time&quot;:&quot;2025-08-16 12:16:43.557&quot;,&quot;af_message&quot;:&quot;organic install&quot;,&quot;af_status&quot;:&quot;Organic&quot;,&quot;is_first_launch&quot;:false}</string>
</map>
