<?xml version='1.0' encoding='utf-8' standalone='yes' ?>
<map>
    <string name="afUninstallToken">fIjO5RUYSjaTR-_YGEClY0:APA91bGXneBKNVaT_zbG8QyQ2kEedGc5DxTNqmqvA-Zz3BzdkDF2rWMCJDBe10qM71gOHxPtvWwgK9Kv06OVW0jbTJ-9fSDyb4Fk2GlZGBWWjskfw_otdGc</string>
    <long name="prev_session_dur" value="7" />
    <long name="af_rc_max_age" value="86400" />
    <boolean name="ddl_sent" value="true" />
    <string name="sentSuccessfully">true</string>
    <string name="af_remote_config">eyJmZWF0dXJlcyI6eyJleGNfbW5nciI6W3siZGF0YSI6eyJ2MSI6eyJzZGtfdmVyIjoiMS45LjkiLCJtaW4iOjEsImV4cGlyZSI6MTB9fX1dfSwidmVyIjoiNDI5NzI5ZmIudjEuMTY4NjI0NzQ4NTAwMCJ9</string>
    <int name="versionCode" value="11659" />
    <boolean name="sentRegisterRequestToAF" value="true" />
    <string name="savedProperties">{&quot;uid&quot;:&quot;1755419676287-8296379070331273493&quot;,&quot;advertiserId&quot;:&quot;32b09acc-0c88-4a85-8ffe-3b71c0367bc6&quot;,&quot;advertiserIdEnabled&quot;:&quot;true&quot;}</string>
    <string name="AF_INSTALLATION">1755419676287-8296379070331273493</string>
    <boolean name="afUninstallToken_queued" value="false" />
    <long name="af_send_exc_to_server_window" value="1756283673812" />
    <int name="appsFlyerCount" value="3" />
    <long name="af_rc_timestamp" value="1755419673710" />
    <long name="AppsFlyerTimePassedSincePrevLaunch" value="1755419716261" />
    <boolean name="newGPReferrerSent" value="true" />
    <int name="af_send_exc_min" value="1" />
    <string name="appsFlyerFirstInstall">2025-08-17_083436+0000</string>
    <long name="afUninstallToken_received_time" value="1755419676726" />
    <string name="attributionId">{&quot;install_time&quot;:&quot;2025-08-17 08:34:39.330&quot;,&quot;af_message&quot;:&quot;organic install&quot;,&quot;af_status&quot;:&quot;Organic&quot;,&quot;is_first_launch&quot;:false}</string>
</map>
