<?xml version='1.0' encoding='utf-8' standalone='yes' ?>
<map>
    <long name="first_open_time" value="1755347250876" />
    <string name="gmp_app_id">1:849261369085:android:8648cec101e6ff41</string>
    <string name="app_instance_id">f7ba1d5fd6a932d449fd4c712574a02f</string>
    <long name="session_id" value="1755347253" />
    <boolean name="app_backgrounded" value="true" />
    <long name="health_monitor:start" value="1755347253383" />
    <boolean name="use_service" value="true" />
    <boolean name="deferred_analytics_collection" value="false" />
    <string name="previous_os_version">14</string>
    <boolean name="has_been_opened" value="true" />
    <boolean name="allow_remote_dynamite" value="true" />
    <long name="last_pause_time" value="1755347358755" />
    <boolean name="start_new_session" value="false" />
</map>
