<?xml version='1.0' encoding='utf-8' standalone='yes' ?>
<map>
    <set name="kotlin/2.0.21 fire-cls/19.3.0 fire-installations/18.0.0 fire-rc/22.0.1 device-brand/realme fire-abt/21.1.1 fire-android/34 fire-core/21.0.0 fire-core-ktx/21.0.0 fire-perf/21.0.3 android-installer/com.google.android.packageinstaller fire-analytics/22.1.2 android-platform/ android-min-sdk/21 device-name/RMX3660 fire-fcm/24.1.0 android-target-sdk/35 fire-transport/19.0.0 fire-sessions/2.0.7 device-model/RE588BL1">
        <string>2025-08-16</string>
    </set>
    <long name="fire-count" value="1" />
    <string name="last-used-date">2025-08-16</string>
    <long name="fire-global" value="1755346599384" />
</map>
