<?xml version='1.0' encoding='utf-8' standalone='yes' ?>
<map>
    <int name="istmcd_inapp:__51c1a6d1e033443f8729e2a0bc8987e7:6ZW-45W-W84Z" value="10" />
    <string name="pfworkid">6ZW-45W-W84Z</string>
    <string name="instance:6ZW-45W-W84Z">{&quot;accountId&quot;:&quot;6ZW-45W-W84Z&quot;,&quot;accountToken&quot;:&quot;054-016&quot;,&quot;analyticsOnly&quot;:false,&quot;isDefaultInstance&quot;:true,&quot;useGoogleAdId&quot;:false,&quot;disableAppLaunchedEvent&quot;:false,&quot;personalization&quot;:true,&quot;debugLevel&quot;:0,&quot;createdPostAppLaunch&quot;:false,&quot;sslPinning&quot;:false,&quot;backgroundSync&quot;:true,&quot;getEnableCustomCleverTapId&quot;:false,&quot;beta&quot;:false,&quot;encryptionLevel&quot;:0,&quot;allowedPushTypes&quot;:[]}</string>
    <int name="imc:__51c1a6d1e033443f8729e2a0bc8987e7:6ZW-45W-W84Z" value="10" />
    <int name="comms_last_ts:6ZW-45W-W84Z" value="1755346605" />
    <int name="comms_first_ts:6ZW-45W-W84Z" value="1755346603" />
    <boolean name="OptOut:__51c1a6d1e033443f8729e2a0bc8987e7:6ZW-45W-W84Z" value="true" />
    <int name="encryptionLevel:6ZW-45W-W84Z" value="0" />
    <int name="encryptionMigrationFailureCount:6ZW-45W-W84Z" value="0" />
    <int name="sexe:6ZW-45W-W84Z" value="1755346664" />
    <int name="lastSessionId:6ZW-45W-W84Z" value="1755346600" />
    <string name="deviceId:6ZW-45W-W84Z">__51c1a6d1e033443f8729e2a0bc8987e7</string>
    <string name="ict_date:__51c1a6d1e033443f8729e2a0bc8987e7:6ZW-45W-W84Z">16082025</string>
    <string name="fcm_token:6ZW-45W-W84Z">cvorggDUTsiJ9WiYix1vqr:APA91bF3NDtaCLLKVanPF399X-NirMtMDWQ5oWz8NBum5PK6CmKLl3PaaoIX-ITDvtMcXp5VaYI3KocDxQWTbcgLsGlsFwCX9F_Gk2qGQKh6oGfY0bNRMrQ</string>
    <boolean name="ssInAppMigrated:6ZW-45W-W84Z" value="true" />
    <string name="SP_KEY_PROFILE_IDENTITIES:6ZW-45W-W84Z">Email,Identity</string>
    <int name="istc_inapp:__51c1a6d1e033443f8729e2a0bc8987e7:6ZW-45W-W84Z" value="0" />
    <long name="last_assets_cleanup" value="1755346603296" />
</map>
