<?xml version='1.0' encoding='utf-8' standalone='yes' ?>
<map>
    <boolean name="OptOut:__053d26ef8e6a4cb29bfb4a49b8db1744:6ZW-45W-W84Z" value="true" />
    <string name="pfworkid">6ZW-45W-W84Z</string>
    <string name="ict_date:__053d26ef8e6a4cb29bfb4a49b8db1744:6ZW-45W-W84Z">17082025</string>
    <int name="imc:__053d26ef8e6a4cb29bfb4a49b8db1744:6ZW-45W-W84Z" value="10" />
    <string name="instance:6ZW-45W-W84Z">{&quot;accountId&quot;:&quot;6ZW-45W-W84Z&quot;,&quot;accountToken&quot;:&quot;054-016&quot;,&quot;analyticsOnly&quot;:false,&quot;isDefaultInstance&quot;:true,&quot;useGoogleAdId&quot;:false,&quot;disableAppLaunchedEvent&quot;:false,&quot;personalization&quot;:true,&quot;debugLevel&quot;:0,&quot;createdPostAppLaunch&quot;:false,&quot;sslPinning&quot;:false,&quot;backgroundSync&quot;:true,&quot;getEnableCustomCleverTapId&quot;:false,&quot;beta&quot;:false,&quot;encryptionLevel&quot;:0,&quot;allowedPushTypes&quot;:[]}</string>
    <int name="comms_last_ts:6ZW-45W-W84Z" value="1755419677" />
    <int name="comms_first_ts:6ZW-45W-W84Z" value="1755419675" />
    <int name="encryptionLevel:6ZW-45W-W84Z" value="0" />
    <int name="istc_inapp:__053d26ef8e6a4cb29bfb4a49b8db1744:6ZW-45W-W84Z" value="0" />
    <int name="encryptionMigrationFailureCount:6ZW-45W-W84Z" value="0" />
    <int name="sexe:6ZW-45W-W84Z" value="1755419722" />
    <int name="lastSessionId:6ZW-45W-W84Z" value="1755419673" />
    <string name="deviceId:6ZW-45W-W84Z">__053d26ef8e6a4cb29bfb4a49b8db1744</string>
    <int name="istmcd_inapp:__053d26ef8e6a4cb29bfb4a49b8db1744:6ZW-45W-W84Z" value="10" />
    <string name="fcm_token:6ZW-45W-W84Z">fIjO5RUYSjaTR-_YGEClY0:APA91bGXneBKNVaT_zbG8QyQ2kEedGc5DxTNqmqvA-Zz3BzdkDF2rWMCJDBe10qM71gOHxPtvWwgK9Kv06OVW0jbTJ-9fSDyb4Fk2GlZGBWWjskfw_otdGc</string>
    <boolean name="ssInAppMigrated:6ZW-45W-W84Z" value="true" />
    <string name="SP_KEY_PROFILE_IDENTITIES:6ZW-45W-W84Z">Email,Identity</string>
    <long name="last_assets_cleanup" value="1755419675700" />
</map>
