<?xml version='1.0' encoding='utf-8' standalone='yes' ?>
<map>
    <string name="pfworkid">6ZW-45W-W84Z</string>
    <string name="ict_date:__dc86562490d748b4b225fa57e5f3fc08:6ZW-45W-W84Z">16082025</string>
    <int name="imc:__dc86562490d748b4b225fa57e5f3fc08:6ZW-45W-W84Z" value="10" />
    <string name="instance:6ZW-45W-W84Z">{&quot;accountId&quot;:&quot;6ZW-45W-W84Z&quot;,&quot;accountToken&quot;:&quot;054-016&quot;,&quot;analyticsOnly&quot;:false,&quot;isDefaultInstance&quot;:true,&quot;useGoogleAdId&quot;:false,&quot;disableAppLaunchedEvent&quot;:false,&quot;personalization&quot;:true,&quot;debugLevel&quot;:0,&quot;createdPostAppLaunch&quot;:false,&quot;sslPinning&quot;:false,&quot;backgroundSync&quot;:true,&quot;getEnableCustomCleverTapId&quot;:false,&quot;beta&quot;:false,&quot;encryptionLevel&quot;:0,&quot;allowedPushTypes&quot;:[]}</string>
    <int name="comms_last_ts:6ZW-45W-W84Z" value="1755347338" />
    <int name="comms_first_ts:6ZW-45W-W84Z" value="1755347254" />
    <int name="encryptionLevel:6ZW-45W-W84Z" value="0" />
    <int name="istc_inapp:__dc86562490d748b4b225fa57e5f3fc08:6ZW-45W-W84Z" value="0" />
    <int name="encryptionMigrationFailureCount:6ZW-45W-W84Z" value="0" />
    <int name="sexe:6ZW-45W-W84Z" value="1755347298" />
    <int name="lastSessionId:6ZW-45W-W84Z" value="1755347252" />
    <string name="deviceId:6ZW-45W-W84Z">__dc86562490d748b4b225fa57e5f3fc08</string>
    <int name="istmcd_inapp:__dc86562490d748b4b225fa57e5f3fc08:6ZW-45W-W84Z" value="10" />
    <string name="fcm_token:6ZW-45W-W84Z">ekqj3VnAT7uJMjDSMNG4Ia:APA91bF4H-kW62ndS01G4FaO7u0bqdHgMaS2OaAhPGUbrThQQENzSs8ON_clNkZKM6oi66RgxfYaOODacoHFEG07FfmRZY8fTvGgTLLv2EGRFc44J3dF7UE</string>
    <boolean name="ssInAppMigrated:6ZW-45W-W84Z" value="true" />
    <string name="SP_KEY_PROFILE_IDENTITIES:6ZW-45W-W84Z">Email,Identity</string>
    <boolean name="OptOut:__dc86562490d748b4b225fa57e5f3fc08:6ZW-45W-W84Z" value="true" />
    <long name="last_assets_cleanup" value="1755347254874" />
</map>
